<?xml version="1.0" encoding="UTF-8"?>
<project-private xmlns="http://www.netbeans.org/ns/project-private/1">
    <editor-bookmarks xmlns="http://www.netbeans.org/ns/editor-bookmarks/1"/>
    <open-files xmlns="http://www.netbeans.org/ns/projectui-open-files/1">
        <file>file:/C:/Documents%20and%20Settings/user/Meus%20documentos/NetBeansProjects/Exercicio10/src/exercicio1/Animal.java</file>
        <file>file:/C:/Documents%20and%20Settings/user/Meus%20documentos/NetBeansProjects/Exercicio10/src/exercicio1/Gato.java</file>
        <file>file:/C:/Documents%20and%20Settings/user/Meus%20documentos/NetBeansProjects/Exercicio10/src/exercicio1/Main.java</file>
    </open-files>
</project-private>
